<?xml version="1.0" encoding="utf-8"?>
<hibernate-configuration>
    <session-factory>

        <!-- Database connection settings -->
        <property name="hibernate.connection.driver_class">com.mysql.cj.jdbc.Driver</property>
        <property name="hibernate.connection.url">jdbc:mysql://localhost:3306/furniture_management_system?useSSL=false</property> <!-- Added useSSL=false -->
        <property name="hibernate.connection.username">root</property>
        <property name="hibernate.connection.password">ruchi</property>

        <!-- Connection pool -->
        <property name="connection.pool_size">10</property>

        <!-- SQL dialect -->
        <property name="hibernate.dialect">org.hibernate.dialect.MySQL8Dialect</property>

        <!-- Logging and session management -->
        <property name="current_session_context_class">thread</property>
        <property name="show_sql">true</property>

        <!-- Auto schema update -->
        <property name="hbm2ddl.auto">update</property> <!-- update for development purposes -->

        <!-- Mapping entities -->
        <mapping class="entity.Furniture"/>
        <mapping class="entity.Customer"/>
        <mapping class="entity.Order"/>
        <mapping class="entity.Supplier"/>
        <mapping class="entity.Admin"/>
        <mapping class="entity.Payment"/>
        <mapping class="entity.Inventory"/>

    </session-factory>
</hibernate-configuration>
